{"cameraMode":{"drawMode":0,"name":"Shaded","section":"Shading Mode"},"sceneLighting":false,"audioPlay":false,"sceneViewState":{"showFog":true,"showMaterialUpdate":false,"showSkybox":false,"showFlares":true,"showImageEffects":true,"showParticleSystems":true},"in2DMode":false,"pivot":{"x":-3.046085834503174,"y":0.40000152587890627,"z":-29.281085968017579},"rotation":{"x":-0.19708018004894257,"y":0.5298957228660584,"z":-0.1281643658876419,"w":-0.814828097820282},"size":4.277561187744141,"orthographic":false}