{"cameraMode":{"drawMode":0,"name":"Shaded","section":"Shading Mode"},"sceneLighting":false,"audioPlay":false,"sceneViewState":{"showFog":true,"showMaterialUpdate":false,"showSkybox":false,"showFlares":true,"showImageEffects":true,"showParticleSystems":true},"in2DMode":false,"pivot":{"x":1.4780261516571046,"y":13.754825592041016,"z":-96.02117919921875},"rotation":{"x":-0.19708018004894257,"y":0.5298957228660584,"z":-0.1281643658876419,"w":-0.814828097820282},"size":1.978830337524414,"orthographic":false}